Workbook
Name AsOfDate: 'Aging Report'!$B$2

Sheet Aging Report
A1: AR Aging Report — outstanding advance by customer and days overdue
A2: As of: | B2: 46219
A3: Aging report is a point-in-time cut: the demo ledger regenerates its dates relative to 'today', so this workbook is dated. All figures in ILS.
A4: Blue = snapshot inputs (edit AsOfDate to re-age) · Black = live formulas — every pivot cell is a SUMIFS over the Open Invoices sheet.
A5: Customer | B5: Current | C5: 1-30 | D5: 31-60 | E5: 61-90 | F5: 90+ | G5: Total
A6: Yizrael Import Ltd | B6: =SUMIFS('Open Invoices'!$H:$H,'Open Invoices'!$B:$B,$A6,'Open Invoices'!$G:$G,B$5) -> 88200 | C6: =SUMIFS('Open Invoices'!$H:$H,'Open Invoices'!$B:$B,$A6,'Open Invoices'!$G:$G,C$5) -> 0 | D6: =SUMIFS('Open Invoices'!$H:$H,'Open Invoices'!$B:$B,$A6,'Open Invoices'!$G:$G,D$5) -> 0 | E6: =SUMIFS('Open Invoices'!$H:$H,'Open Invoices'!$B:$B,$A6,'Open Invoices'!$G:$G,E$5) -> 0 | F6: =SUMIFS('Open Invoices'!$H:$H,'Open Invoices'!$B:$B,$A6,'Open Invoices'!$G:$G,F$5) -> 1411020 | G6: =SUM(B6:F6) -> 1499220
A7: Emek Systems Ltd | B7: =SUMIFS('Open Invoices'!$H:$H,'Open Invoices'!$B:$B,$A7,'Open Invoices'!$G:$G,B$5) -> 1442670 | C7: =SUMIFS('Open Invoices'!$H:$H,'Open Invoices'!$B:$B,$A7,'Open Invoices'!$G:$G,C$5) -> 0 | D7: =SUMIFS('Open Invoices'!$H:$H,'Open Invoices'!$B:$B,$A7,'Open Invoices'!$G:$G,D$5) -> 0 | E7: =SUMIFS('Open Invoices'!$H:$H,'Open Invoices'!$B:$B,$A7,'Open Invoices'!$G:$G,E$5) -> 0 | F7: =SUMIFS('Open Invoices'!$H:$H,'Open Invoices'!$B:$B,$A7,'Open Invoices'!$G:$G,F$5) -> 0 | G7: =SUM(B7:F7) -> 1442670
A8: Ramon Plastics Ltd | B8: =SUMIFS('Open Invoices'!$H:$H,'Open Invoices'!$B:$B,$A8,'Open Invoices'!$G:$G,B$5) -> 1189350 | C8: =SUMIFS('Open Invoices'!$H:$H,'Open Invoices'!$B:$B,$A8,'Open Invoices'!$G:$G,C$5) -> 0 | D8: =SUMIFS('Open Invoices'!$H:$H,'Open Invoices'!$B:$B,$A8,'Open Invoices'!$G:$G,D$5) -> 0 | E8: =SUMIFS('Open Invoices'!$H:$H,'Open Invoices'!$B:$B,$A8,'Open Invoices'!$G:$G,E$5) -> 0 | F8: =SUMIFS('Open Invoices'!$H:$H,'Open Invoices'!$B:$B,$A8,'Open Invoices'!$G:$G,F$5) -> 0 | G8: =SUM(B8:F8) -> 1189350
A9: Tavor Distribution Ltd | B9: =SUMIFS('Open Invoices'!$H:$H,'Open Invoices'!$B:$B,$A9,'Open Invoices'!$G:$G,B$5) -> 0 | C9: =SUMIFS('Open Invoices'!$H:$H,'Open Invoices'!$B:$B,$A9,'Open Invoices'!$G:$G,C$5) -> 0 | D9: =SUMIFS('Open Invoices'!$H:$H,'Open Invoices'!$B:$B,$A9,'Open Invoices'!$G:$G,D$5) -> 0 | E9: =SUMIFS('Open Invoices'!$H:$H,'Open Invoices'!$B:$B,$A9,'Open Invoices'!$G:$G,E$5) -> 0 | F9: =SUMIFS('Open Invoices'!$H:$H,'Open Invoices'!$B:$B,$A9,'Open Invoices'!$G:$G,F$5) -> 807840 | G9: =SUM(B9:F9) -> 807840
A10: Negev Foods Ltd | B10: =SUMIFS('Open Invoices'!$H:$H,'Open Invoices'!$B:$B,$A10,'Open Invoices'!$G:$G,B$5) -> 0 | C10: =SUMIFS('Open Invoices'!$H:$H,'Open Invoices'!$B:$B,$A10,'Open Invoices'!$G:$G,C$5) -> 0 | D10: =SUMIFS('Open Invoices'!$H:$H,'Open Invoices'!$B:$B,$A10,'Open Invoices'!$G:$G,D$5) -> 0 | E10: =SUMIFS('Open Invoices'!$H:$H,'Open Invoices'!$B:$B,$A10,'Open Invoices'!$G:$G,E$5) -> 0 | F10: =SUMIFS('Open Invoices'!$H:$H,'Open Invoices'!$B:$B,$A10,'Open Invoices'!$G:$G,F$5) -> 636930 | G10: =SUM(B10:F10) -> 636930
A11: Arava Steel Ltd | B11: =SUMIFS('Open Invoices'!$H:$H,'Open Invoices'!$B:$B,$A11,'Open Invoices'!$G:$G,B$5) -> 29750 | C11: =SUMIFS('Open Invoices'!$H:$H,'Open Invoices'!$B:$B,$A11,'Open Invoices'!$G:$G,C$5) -> 0 | D11: =SUMIFS('Open Invoices'!$H:$H,'Open Invoices'!$B:$B,$A11,'Open Invoices'!$G:$G,D$5) -> 0 | E11: =SUMIFS('Open Invoices'!$H:$H,'Open Invoices'!$B:$B,$A11,'Open Invoices'!$G:$G,E$5) -> 0 | F11: =SUMIFS('Open Invoices'!$H:$H,'Open Invoices'!$B:$B,$A11,'Open Invoices'!$G:$G,F$5) -> 374205 | G11: =SUM(B11:F11) -> 403955
A12: Ayalon Agro Ltd | B12: =SUMIFS('Open Invoices'!$H:$H,'Open Invoices'!$B:$B,$A12,'Open Invoices'!$G:$G,B$5) -> 0 | C12: =SUMIFS('Open Invoices'!$H:$H,'Open Invoices'!$B:$B,$A12,'Open Invoices'!$G:$G,C$5) -> 0 | D12: =SUMIFS('Open Invoices'!$H:$H,'Open Invoices'!$B:$B,$A12,'Open Invoices'!$G:$G,D$5) -> 0 | E12: =SUMIFS('Open Invoices'!$H:$H,'Open Invoices'!$B:$B,$A12,'Open Invoices'!$G:$G,E$5) -> 0 | F12: =SUMIFS('Open Invoices'!$H:$H,'Open Invoices'!$B:$B,$A12,'Open Invoices'!$G:$G,F$5) -> 398430 | G12: =SUM(B12:F12) -> 398430
A13: Galil Plastics Ltd | B13: =SUMIFS('Open Invoices'!$H:$H,'Open Invoices'!$B:$B,$A13,'Open Invoices'!$G:$G,B$5) -> 84420 | C13: =SUMIFS('Open Invoices'!$H:$H,'Open Invoices'!$B:$B,$A13,'Open Invoices'!$G:$G,C$5) -> 0 | D13: =SUMIFS('Open Invoices'!$H:$H,'Open Invoices'!$B:$B,$A13,'Open Invoices'!$G:$G,D$5) -> 0 | E13: =SUMIFS('Open Invoices'!$H:$H,'Open Invoices'!$B:$B,$A13,'Open Invoices'!$G:$G,E$5) -> 0 | F13: =SUMIFS('Open Invoices'!$H:$H,'Open Invoices'!$B:$B,$A13,'Open Invoices'!$G:$G,F$5) -> 131670 | G13: =SUM(B13:F13) -> 216090
A14: Ramon Logistics Ltd | B14: =SUMIFS('Open Invoices'!$H:$H,'Open Invoices'!$B:$B,$A14,'Open Invoices'!$G:$G,B$5) -> 0 | C14: =SUMIFS('Open Invoices'!$H:$H,'Open Invoices'!$B:$B,$A14,'Open Invoices'!$G:$G,C$5) -> 0 | D14: =SUMIFS('Open Invoices'!$H:$H,'Open Invoices'!$B:$B,$A14,'Open Invoices'!$G:$G,D$5) -> 0 | E14: =SUMIFS('Open Invoices'!$H:$H,'Open Invoices'!$B:$B,$A14,'Open Invoices'!$G:$G,E$5) -> 0 | F14: =SUMIFS('Open Invoices'!$H:$H,'Open Invoices'!$B:$B,$A14,'Open Invoices'!$G:$G,F$5) -> 208320 | G14: =SUM(B14:F14) -> 208320
A15: Yizrael Print Ltd | B15: =SUMIFS('Open Invoices'!$H:$H,'Open Invoices'!$B:$B,$A15,'Open Invoices'!$G:$G,B$5) -> 0 | C15: =SUMIFS('Open Invoices'!$H:$H,'Open Invoices'!$B:$B,$A15,'Open Invoices'!$G:$G,C$5) -> 0 | D15: =SUMIFS('Open Invoices'!$H:$H,'Open Invoices'!$B:$B,$A15,'Open Invoices'!$G:$G,D$5) -> 0 | E15: =SUMIFS('Open Invoices'!$H:$H,'Open Invoices'!$B:$B,$A15,'Open Invoices'!$G:$G,E$5) -> 0 | F15: =SUMIFS('Open Invoices'!$H:$H,'Open Invoices'!$B:$B,$A15,'Open Invoices'!$G:$G,F$5) -> 148770 | G15: =SUM(B15:F15) -> 148770
A16: Sharon Marble Ltd | B16: =SUMIFS('Open Invoices'!$H:$H,'Open Invoices'!$B:$B,$A16,'Open Invoices'!$G:$G,B$5) -> 0 | C16: =SUMIFS('Open Invoices'!$H:$H,'Open Invoices'!$B:$B,$A16,'Open Invoices'!$G:$G,C$5) -> 0 | D16: =SUMIFS('Open Invoices'!$H:$H,'Open Invoices'!$B:$B,$A16,'Open Invoices'!$G:$G,D$5) -> 16830 | E16: =SUMIFS('Open Invoices'!$H:$H,'Open Invoices'!$B:$B,$A16,'Open Invoices'!$G:$G,E$5) -> 0 | F16: =SUMIFS('Open Invoices'!$H:$H,'Open Invoices'!$B:$B,$A16,'Open Invoices'!$G:$G,F$5) -> 115830 | G16: =SUM(B16:F16) -> 132660
A17: Negev Agro Ltd | B17: =SUMIFS('Open Invoices'!$H:$H,'Open Invoices'!$B:$B,$A17,'Open Invoices'!$G:$G,B$5) -> 0 | C17: =SUMIFS('Open Invoices'!$H:$H,'Open Invoices'!$B:$B,$A17,'Open Invoices'!$G:$G,C$5) -> 0 | D17: =SUMIFS('Open Invoices'!$H:$H,'Open Invoices'!$B:$B,$A17,'Open Invoices'!$G:$G,D$5) -> 0 | E17: =SUMIFS('Open Invoices'!$H:$H,'Open Invoices'!$B:$B,$A17,'Open Invoices'!$G:$G,E$5) -> 0 | F17: =SUMIFS('Open Invoices'!$H:$H,'Open Invoices'!$B:$B,$A17,'Open Invoices'!$G:$G,F$5) -> 108000 | G17: =SUM(B17:F17) -> 108000
... A25: Lachish Agro Ltd | B25: =SUMIFS('Open Invoices'!$H:$H,'Open Invoices'!$B:$B,$A25,'Open Invoices'!$G:$G,B$5) -> 18810 | C25: =SUMIFS('Open Invoices'!$H:$H,'Open Invoices'!$B:$B,$A25,'Open Invoices'!$G:$G,C$5) -> 0 | D25: =SUMIFS('Open Invoices'!$H:$H,'Open Invoices'!$B:$B,$A25,'Open Invoices'!$G:$G,D$5) -> 0 | E25: =SUMIFS('Open Invoices'!$H:$H,'Open Invoices'!$B:$B,$A25,'Open Invoices'!$G:$G,E$5) -> 0 | F25: =SUMIFS('Open Invoices'!$H:$H,'Open Invoices'!$B:$B,$A25,'Open Invoices'!$G:$G,F$5) -> 0 | G25: =SUM(B25:F25) -> 18810
A26: Total · 20 customers | B26: =SUM(B6:B25) -> 3052025 | C26: =SUM(C6:C25) -> 0 | D26: =SUM(D6:D25) -> 112795 | E26: =SUM(E6:E25) -> 0 | F26: =SUM(F6:F25) -> 4505330 | G26: =SUM(G6:G25) -> 7670150
A28: =IF(ABS(G26-SUM('Open Invoices'!$H:$H))<1,"Tie-out OK: pivot total equals the sum of the Open Invoices sheet","TIE-OUT MISMATCH - check formulas") -> Tie-out OK: pivot total equals the sum of the Open Invoices sheet

Sheet Open Invoices
A1: Invoice # | B1: Customer | C1: Status | D1: Issue Date | E1: Due Date | F1: Days Past Due | G1: Bucket | H1: Open Advance (ILS)
A2: INV-2025-0010 | B2: Arava Motors Ltd | C2: Overdue | D2: 45881 | E2: 45911 | F2: =AsOfDate-$E2 -> 308 | G2: =IF($F2<=0,"Current",IF($F2<=30,"1-30",IF($F2<=60,"31-60",IF($F2<=90,"61-90","90+")))) -> 90+ | H2: 15725
A3: INV-2026-0011 | B3: Arava Motors Ltd | C3: Financed | D3: 46205 | E3: 46295 | F3: =AsOfDate-$E3 -> -76 | G3: =IF($F3<=0,"Current",IF($F3<=30,"1-30",IF($F3<=60,"31-60",IF($F3<=90,"61-90","90+")))) -> Current | H3: 63540
A4: INV-2025-0163 | B4: Arava Steel Ltd | C4: Overdue | D4: 45798 | E4: 45858 | F4: =AsOfDate-$E4 -> 361 | G4: =IF($F4<=0,"Current",IF($F4<=30,"1-30",IF($F4<=60,"31-60",IF($F4<=90,"61-90","90+")))) -> 90+ | H4: 374205
A5: INV-2026-0134 | B5: Arava Steel Ltd | C5: Financed | D5: 46201 | E5: 46231 | F5: =AsOfDate-$E5 -> -12 | G5: =IF($F5<=0,"Current",IF($F5<=30,"1-30",IF($F5<=60,"31-60",IF($F5<=90,"61-90","90+")))) -> Current | H5: 29750
A6: INV-2025-0170 | B6: Ayalon Agro Ltd | C6: Overdue | D6: 45686 | E6: 45746 | F6: =AsOfDate-$E6 -> 473 | G6: =IF($F6<=0,"Current",IF($F6<=30,"1-30",IF($F6<=60,"31-60",IF($F6<=90,"61-90","90+")))) -> 90+ | H6: 398430
A7: INV-2026-0022 | B7: Ayalon Materials Ltd | C7: Overdue | D7: 46107 | E7: 46167 | F7: =AsOfDate-$E7 -> 52 | G7: =IF($F7<=0,"Current",IF($F7<=30,"1-30",IF($F7<=60,"31-60",IF($F7<=90,"61-90","90+")))) -> 31-60 | H7: 44370
A8: INV-2025-0126 | B8: Bashan Motors Ltd | C8: Overdue | D8: 45828 | E8: 45888 | F8: =AsOfDate-$E8 -> 331 | G8: =IF($F8<=0,"Current",IF($F8<=30,"1-30",IF($F8<=60,"31-60",IF($F8<=90,"61-90","90+")))) -> 90+ | H8: 86445
A9: INV-2026-0038 | B9: Emek Systems Ltd | C9: Financed | D9: 46202 | E9: 46262 | F9: =AsOfDate-$E9 -> -43 | G9: =IF($F9<=0,"Current",IF($F9<=30,"1-30",IF($F9<=60,"31-60",IF($F9<=90,"61-90","90+")))) -> Current | H9: 1442670
A10: INV-2025-0152 | B10: Galil Plastics Ltd | C10: Overdue | D10: 45928 | E10: 45958 | F10: =AsOfDate-$E10 -> 261 | G10: =IF($F10<=0,"Current",IF($F10<=30,"1-30",IF($F10<=60,"31-60",IF($F10<=90,"61-90","90+")))) -> 90+ | H10: 131670
A11: INV-2026-0008 | B11: Galil Plastics Ltd | C11: Financed | D11: 46167 | E11: 46227 | F11: =AsOfDate-$E11 -> -8 | G11: =IF($F11<=0,"Current",IF($F11<=30,"1-30",IF($F11<=60,"31-60",IF($F11<=90,"61-90","90+")))) -> Current | H11: 84420
A12: INV-2025-0146 | B12: Golan Industries Ltd | C12: Overdue | D12: 45900 | E12: 45930 | F12: =AsOfDate-$E12 -> 289 | G12: =IF($F12<=0,"Current",IF($F12<=30,"1-30",IF($F12<=60,"31-60",IF($F12<=90,"61-90","90+")))) -> 90+ | H12: 20145
A13: INV-2026-0142 | B13: Golan Industries Ltd | C13: Overdue | D13: 46103 | E13: 46163 | F13: =AsOfDate-$E13 -> 56 | G13: =IF($F13<=0,"Current",IF($F13<=30,"1-30",IF($F13<=60,"31-60",IF($F13<=90,"61-90","90+")))) -> 31-60 | H13: 51595
... A27: INV-2025-0144 | B27: Yizrael Print Ltd | C27: Overdue | D27: 45796 | E27: 45856 | F27: =AsOfDate-$E27 -> 363 | G27: =IF($F27<=0,"Current",IF($F27<=30,"1-30",IF($F27<=60,"31-60",IF($F27<=90,"61-90","90+")))) -> 90+ | H27: 148770
A29: Snapshot of the seeded synthetic ledger (30 customers / 180 invoices), open positions only (status Financed or Overdue). Amounts are the outstanding advance in ILS. Source: app.js data generator, https://barbarzilay100-coder.github.io/ar-aging-analysis/
